Workbook

Sheet Summary
A3: Row Labels | B3: Facility
A4: AdventHealth Heart of Florida - Hospitalist | B4: AHFL
A5: Ascension Saint Thomas Hospital Midtown-HM Neuro | B5: AMN
A6: Ascension Saint Thomas Hospital West-Hospitalist | B6: AW
A7: Ascension Saint Thomas River Park-Hospitalist | B7: AR
A8: Ascension Saint Thomas Rutherford-HM Neuro | B8: ARN
A9: Baptist Health - Fort Smith - HM | B9: BFS
A10: Baptist Health - Fort Smith - PDC | B10: BS
A11: Broward Health Coral Springs - Hospitalist | B11: BCS
A12: Carlinville Area Hospital-Hospitalist | B12: CAICP
A13: CHRISTUS Santa Rosa Hospital-New Braunfels-HM | B13: CSRNB
A14: CHRISTUS Spohn Hospital Corpus Christi-Shoreline-CC | B14: CSCC
... A28: Woodland Heights Medical Center - Hospitalist | B28: WH
A29: Grand Total

Sheet Detail
A1: First Name | B1: Last Name | C1: Last Name, First Name | D1: Professional Title | E1: Hospital: Account / Hospital Name | F1: Facility
A2: Aaron | B2: Curtwright | C2: Curtwright, Aaron | D2: DO | E2: AdventHealth Heart of Florida - Hospitalist | F2: =IFERROR(VLOOKUP(E2,Summary!A:B,2,FALSE),"") -> AHFL
A3: John | B3: Jay | C3: Jay, John | D3: DO | E3: AdventHealth Heart of Florida - Hospitalist | F3: =IFERROR(VLOOKUP(E3,Summary!A:B,2,FALSE),"") -> AHFL
A4: Heather | B4: McGovern | C4: McGovern, Heather | D4: DO | E4: AdventHealth Heart of Florida - Hospitalist | F4: =IFERROR(VLOOKUP(E4,Summary!A:B,2,FALSE),"") -> AHFL
A5: Eno-Emem | B5: Okpokpo | C5: Okpokpo, Eno-Emem | D5: DO | E5: AdventHealth Heart of Florida - Hospitalist | F5: =IFERROR(VLOOKUP(E5,Summary!A:B,2,FALSE),"") -> AHFL
A6: Vijal | B6: Patel | C6: Patel, Vijal | D6: DO | E6: AdventHealth Heart of Florida - Hospitalist | F6: =IFERROR(VLOOKUP(E6,Summary!A:B,2,FALSE),"") -> AHFL
A7: Tin | B7: Pham | C7: Pham, Tin | D7: DO | E7: AdventHealth Heart of Florida - Hospitalist | F7: =IFERROR(VLOOKUP(E7,Summary!A:B,2,FALSE),"") -> AHFL
A8: Kaye | B8: Rozecki | C8: Rozecki, Kaye | D8: DO | E8: AdventHealth Heart of Florida - Hospitalist | F8: =IFERROR(VLOOKUP(E8,Summary!A:B,2,FALSE),"") -> AHFL
A9: Rabie | B9: Adam-Eldien | C9: Adam-Eldien, Rabie | D9: MD | E9: AdventHealth Heart of Florida - Hospitalist | F9: =IFERROR(VLOOKUP(E9,Summary!A:B,2,FALSE),"") -> AHFL
A10: Xavier | B10: Atencio | C10: Atencio, Xavier | D10: MD | E10: AdventHealth Heart of Florida - Hospitalist | F10: =IFERROR(VLOOKUP(E10,Summary!A:B,2,FALSE),"") -> AHFL
A11: Tohmina | B11: Begum | C11: Begum, Tohmina | D11: MD | E11: AdventHealth Heart of Florida - Hospitalist | F11: =IFERROR(VLOOKUP(E11,Summary!A:B,2,FALSE),"") -> AHFL
A12: Samantha | B12: Bethel-Ellison | C12: Bethel-Ellison, Samantha | D12: MD | E12: AdventHealth Heart of Florida - Hospitalist | F12: =IFERROR(VLOOKUP(E12,Summary!A:B,2,FALSE),"") -> AHFL
A13: Ricardo | B13: Cestero | C13: Cestero, Ricardo | D13: MD | E13: AdventHealth Heart of Florida - Hospitalist | F13: =IFERROR(VLOOKUP(E13,Summary!A:B,2,FALSE),"") -> AHFL
... A657: Mary | B657: Zayas | C657: Zayas, Mary | D657: PA | E657: Nathan Littauer Hospital & Nursing Home - Hospitalist | F657: =IFERROR(VLOOKUP(E657,Summary!A:B,2,FALSE),"") -> NL
A658: Glynn | B658: Riels | C658: =B658&", "&A658 -> Riels, Glynn | D658: DO | E658: Northern Louisiana Medical Center - Hospitalist | F658: =IFERROR(VLOOKUP(E658,Summary!A:B,2,FALSE),"") -> NLO
A659: Adeshola | B659: Adewunmi | C659: =B659&", "&A659 -> Adewunmi, Adeshola | D659: MD | E659: Northern Louisiana Medical Center - Hospitalist | F659: =IFERROR(VLOOKUP(E659,Summary!A:B,2,FALSE),"") -> NLO
A660: William | B660: Alexander | C660: =B660&", "&A660 -> Alexander, William | D660: MD | E660: Northern Louisiana Medical Center - Hospitalist | F660: =IFERROR(VLOOKUP(E660,Summary!A:B,2,FALSE),"") -> NLO
A661: Ellenmarie | B661: Brown | C661: =B661&", "&A661 -> Brown, Ellenmarie | D661: MD | E661: Northern Louisiana Medical Center - Hospitalist | F661: =IFERROR(VLOOKUP(E661,Summary!A:B,2,FALSE),"") -> NLO
A662: Cindy | B662: Dollar | C662: =B662&", "&A662 -> Dollar, Cindy | D662: MD | E662: Northern Louisiana Medical Center - Hospitalist | F662: =IFERROR(VLOOKUP(E662,Summary!A:B,2,FALSE),"") -> NLO
A663: Ricky | B663: Hendrix | C663: =B663&", "&A663 -> Hendrix, Ricky | D663: MD | E663: Northern Louisiana Medical Center - Hospitalist | F663: =IFERROR(VLOOKUP(E663,Summary!A:B,2,FALSE),"") -> NLO
A664: Mark | B664: Holder | C664: =B664&", "&A664 -> Holder, Mark | D664: MD | E664: Northern Louisiana Medical Center - Hospitalist | F664: =IFERROR(VLOOKUP(E664,Summary!A:B,2,FALSE),"") -> NLO
A665: Tashfeen | B665: Mahmood | C665: =B665&", "&A665 -> Mahmood, Tashfeen | D665: MD | E665: Northern Louisiana Medical Center - Hospitalist | F665: =IFERROR(VLOOKUP(E665,Summary!A:B,2,FALSE),"") -> NLO
A666: Edward | B666: Mariano | C666: =B666&", "&A666 -> Mariano, Edward | D666: MD | E666: Northern Louisiana Medical Center - Hospitalist | F666: =IFERROR(VLOOKUP(E666,Summary!A:B,2,FALSE),"") -> NLO
A667: Aaron | B667: Marquardt | C667: =B667&", "&A667 -> Marquardt, Aaron | D667: MD | E667: Northern Louisiana Medical Center - Hospitalist | F667: =IFERROR(VLOOKUP(E667,Summary!A:B,2,FALSE),"") -> NLO
A668: Charles | B668: Mason | C668: =B668&", "&A668 -> Mason, Charles | D668: MD | E668: Northern Louisiana Medical Center - Hospitalist | F668: =IFERROR(VLOOKUP(E668,Summary!A:B,2,FALSE),"") -> NLO
A669: Raman | B669: Saharan | C669: =B669&", "&A669 -> Saharan, Raman | D669: MD | E669: Northern Louisiana Medical Center - Hospitalist | F669: =IFERROR(VLOOKUP(E669,Summary!A:B,2,FALSE),"") -> NLO
... A675: Lacey | B675: Farrar | C675: =B675&", "&A675 -> Farrar, Lacey | D675: NP | E675: Northern Louisiana Medical Center - Hospitalist | F675: =IFERROR(VLOOKUP(E675,Summary!A:B,2,FALSE),"") -> NLO
A676: Jannet | B676: Bux | C676: Bux, Jannet | D676: DO | E676: Ochsner Lafayette General Medical Center-Hospitalist | F676: =IFERROR(VLOOKUP(E676,Summary!A:B,2,FALSE),"") -> OLGMC
A677: Christine | B677: Dugan | C677: Dugan, Christine | D677: DO | E677: Ochsner Lafayette General Medical Center-Hospitalist | F677: =IFERROR(VLOOKUP(E677,Summary!A:B,2,FALSE),"") -> OLGMC
A678: Thairy | B678: Reyes | C678: Reyes, Thairy | D678: DO | E678: Ochsner Lafayette General Medical Center-Hospitalist | F678: =IFERROR(VLOOKUP(E678,Summary!A:B,2,FALSE),"") -> OLGMC
A679: Shema | B679: Abraham | C679: Abraham, Shema | D679: MD | E679: Ochsner Lafayette General Medical Center-Hospitalist | F679: =IFERROR(VLOOKUP(E679,Summary!A:B,2,FALSE),"") -> OLGMC
A680: Sameer | B680: Ahmed | C680: Ahmed, Sameer | D680: MD | E680: Ochsner Lafayette General Medical Center-Hospitalist | F680: =IFERROR(VLOOKUP(E680,Summary!A:B,2,FALSE),"") -> OLGMC
A681: Shameem | B681: Akhtar | C681: Akhtar, Shameem | D681: MD | E681: Ochsner Lafayette General Medical Center-Hospitalist | F681: =IFERROR(VLOOKUP(E681,Summary!A:B,2,FALSE),"") -> OLGMC
A682: Iradat | B682: Amusa | C682: Amusa, Iradat | D682: MD | E682: Ochsner Lafayette General Medical Center-Hospitalist | F682: =IFERROR(VLOOKUP(E682,Summary!A:B,2,FALSE),"") -> OLGMC
A683: Troy | B683: Antill | C683: Antill, Troy | D683: MD | E683: Ochsner Lafayette General Medical Center-Hospitalist | F683: =IFERROR(VLOOKUP(E683,Summary!A:B,2,FALSE),"") -> OLGMC
A684: Anjum | B684: Asad | C684: Asad, Anjum | D684: MD | E684: Ochsner Lafayette General Medical Center-Hospitalist | F684: =IFERROR(VLOOKUP(E684,Summary!A:B,2,FALSE),"") -> OLGMC
A685: Muhammad | B685: Asghar | C685: Asghar, Muhammad | D685: MD | E685: Ochsner Lafayette General Medical Center-Hospitalist | F685: =IFERROR(VLOOKUP(E685,Summary!A:B,2,FALSE),"") -> OLGMC
A686: Reshma | B686: Bhanushali | C686: Bhanushali, Reshma | D686: MD | E686: Ochsner Lafayette General Medical Center-Hospitalist | F686: =IFERROR(VLOOKUP(E686,Summary!A:B,2,FALSE),"") -> OLGMC
A687: Mihail | B687: Borissov | C687: Borissov, Mihail | D687: MD | E687: Ochsner Lafayette General Medical Center-Hospitalist | F687: =IFERROR(VLOOKUP(E687,Summary!A:B,2,FALSE),"") -> OLGMC
... A826: Remya | B826: Varghese | C826: Varghese, Remya | D826: NP | E826: Woodland Heights Medical Center - Hospitalist | F826: =IFERROR(VLOOKUP(E826,Summary!A:B,2,FALSE),"") -> WH
